{"cameraMode":{"drawMode":0,"name":"Shaded","section":"Shading Mode"},"sceneLighting":true,"audioPlay":false,"sceneViewState":{"showFog":true,"showMaterialUpdate":false,"showSkybox":true,"showFlares":true,"showImageEffects":true,"showParticleSystems":true},"in2DMode":false,"pivot":{"x":431.9078369140625,"y":86.59135437011719,"z":63.08375549316406},"rotation":{"x":-0.22091957926750184,"y":-0.14508551359176637,"z":0.033253759145736697,"w":-0.9638670086860657},"size":179.75717163085938,"orthographic":false}